Loan_ID,Target
0060OKE,0
00LTNOZ,0
00YK1YB,0
0131KT1,0
01ML49H,0
021XFMN,0
02597PG,0
029308S,0
02D3065,0
032AO7U,0
03OHQU8,0
047X90Q,0
04QVDW1,0
0590ETW,0
05CJULG,0
05HTO57,0
061L8U0,0
06761XF,0
06A6QF8,0
06E9WOK,0
06EWW9C,0
06HO5HG,0
06TSTEE,0
06WBEV1,0
07FO5JR,0
07MVRB0,0
07Q3CVI,0
081HCKR,0
08Y4V4I,0
09400OB,0
09DTDCK,0
09Q1HI9,0
0A5Q9IZ,0
0AJZEP9,0
0APAR9X,0
0BBSMMW,0
0BG7JY9,0
0BGPN0F,0
0BH25KW,0
0BVRYZR,0
0BZIZC5,0
0C5RV6G,0
0CL574J,0
0CPW582,0
0DD04W2,0
0DTI7N9,0
0DV46VB,0
0DVG4LA,0
0DY3WI6,0
0E1TVZ5,0
0E7CWX3,0
0EOGRJ2,0
0EXPAKT,0
0FIBBE7,0
0FOH0FL,0
0GTBMSQ,0
0GTXR5K,0
0H30JMW,0
0IEIDQU,0
0IJAU1R,0
0IOMP84,0
0J25BE4,0
0J42AUT,0
0JNAZGM,0
0JR516T,0
0JUQHCN,0
0K39RUL,0
0K5SP0F,0
0K8L8YX,0
0KJ3B3Y,0
0KK46UG,0
0KTO2U6,0
0LDJ0AY,0
0LMHFRX,0
0LO8111,0
0MV20CU,0
0MZQVRS,0
0N21X75,0
0N8L90Z,0
0ND6DQD,0
0NKECGU,0
0NKGNVD,0
0OQH7AL,0
0P5U027,0
0PNT6B9,0
0Q855NE,0
0QCQ1NC,0
0QR3SP7,0
0QWQFE9,0
0R1ZS9I,0
0R5NMOC,0
0RHUYX7,0
0RPJH0Y,0
0RZV4YO,0
0SFN5TL,0
0SQLFZ8,0
0ST2DNT,0
0SY8EZ3,0
0T5SKNB,0
0T83NP7,0
0TZ6TOM,0
0UFK4U5,0
0UOCSF6,0
0UZ4I7V,0
0VL52EI,0
0VLN3MF,0
0WKJSVK,0
0X230WP,0
0YF9CZL,0
0YUI0VY,0
0Z127KR,0
0Z8JIA9,0
0ZHS3HN,0
0ZN9VKW,0
0ZSXKN4,0
0ZVURKF,0
1011N2Q,0
103X4P8,0
107ATXR,0
10B94S1,0
10R81BX,0
119X3QB,0
11CY1WS,0
11L46EK,0
11OGL1J,0
11OWUCW,0
11QI1H5,0
12AIU1U,0
12CGC2R,0
12IVGSY,0
130ZHIP,0
145IZBE,0
14G1GFA,0
14ONR5Q,0
154XVEZ,0
159WLX8,0
15JOZ11,0
1619MCI,0
16GIZSK,0
173HOQR,0
17NBDP8,0
17X7GVE,0
18OOT2F,0
1902SYT,0
19CA4MK,0
19D073A,0
19K1MSQ,0
19MLYI8,0
1A2PZZE,0
1A58YO5,0
1AISHIL,0
1AW5GNM,0
1BKLM5X,0
1BXJZ03,0
1C5WKPL,0
1D1YIXC,0
1D6KMTT,0
1DRVFIG,0
1DTHMJH,0
1EASBFD,0
1EBOHUU,0
1EDA3NS,0
1ENJ5OD,0
1ESNCNB,0
1FT1F84,0
1FUSI3N,0
1GI98AZ,0
1GPENIS,0
1GSM5E8,0
1GXN6Z9,0
1GXZID3,0
1H027MB,0
1HA5T0U,0
1HI3UVT,0
1HKQ2H6,0
1HZM0QS,0
1IJ1KWN,0
1IPKXTI,0
1IR796O,0
1J0SE9S,0
1J59SQJ,0
1J9S25L,0
1JI846I,0
1K64WRU,0
1KO6S29,0
1KR3PB5,0
1KZKOVU,0
1LH0GHS,0
1LMKRR1,0
1M1TW02,0
1M2PHOZ,0
1M3RCYU,0
1M79BQL,0
1MWAC4H,0
1N1DAZS,0
1NSLJP9,0
1NT7ROR,0
1NUQ92D,0
1O95YDV,0
1OIOQU6,0
1OJCOQI,0
1OKFL12,0
1OPJ0M9,0
1OTC1KA,0
1OVQDYB,0
1OZ4R6Z,0
1P2MSS2,0
1P5MZZU,0
1PJ7HM5,0
1PL792D,0
1Q1WXL4,0
1Q2NI0A,0
1QIESRT,0
1QSDXK7,0
1RO8YQT,0
1RY5I5T,0
1SEL461,0
1SJ08UW,0
1T2N8HS,0
1T5NDWS,0
1T9RCDB,0
1TBXFSW,0
1U1ZC5H,0
1UEHOMC,0
1UPMETD,0
1VOAV0D,0
1VXCVPT,0
1W02CC9,0
1W0I4ZD,0
1W2AT54,0
1W9J9SE,0
1WDNOVH,0
1WLH8QE,0
1WW4R8Y,0
1XU2MNO,0
1YBVYTC,0
1YF1EE8,0
1YHMP3L,0
1YT9HHV,0
1YUR0RG,0
1YW30KW,0
1YXYS88,0
1Z48KBZ,0
1Z68LSJ,0
1ZH93U4,0
20U6DL1,0
210PSDE,0
219HFRD,0
22ANRPB,0
22DGDDK,0
23H4A1C,0
247LBAG,0
248SJ8L,0
24CY4XO,0
24ITTHH,0
24KDEIA,0
24OTMZF,0
2539FN2,0
253DBL8,0
268XZ5L,0
26TOW1T,0
27CZSRV,0
27FGNVK,0
27SSZ1R,0
28GFELC,0
28ZQZG3,0
29RWQKW,0
2ABK06X,0
2AZ9JJM,0
2B4RDR8,0
2BDOYZH,0
2BK4NSV,0
2BN0556,0
2BP9W8V,0
2BVJON2,0
2BZAJ1R,0
2C1EGQB,0
2C3CEV3,0
2C50NUW,0
2D4XUUN,0
2DG7AOU,0
2ENRI95,0
2F7PZK7,0
2FGBYIN,0
2FGOKHY,0
2G11NH2,0
2G2FQAA,0
2G2LDA3,0
2G3K9GZ,0
2GDHQ46,0
2GH224T,0
2GU09YY,0
2H6PUG1,0
2H7IKH3,0
2I19IGN,0
2I39HDL,0
2I4H5YZ,0
2IBFOKD,0
2IIT3Y2,0
2J5TS1O,0
2JAQ903,0
2K474FI,0
2K9C4P6,0
2L524FA,0
2LUM8S3,0
2M0M6XH,0
2M7K77E,0
2M8N9YZ,0
2N3MVLA,0
2NFWUJZ,0
2NIJ2HN,0
2NREFEZ,0
2NTKAGR,0
2O9M748,0
2OC8O8A,0
2OHG0GS,0
2OPB0OP,0
2P1YYRZ,0
2PGDLUM,0
2Q9DHCX,0
2QH3WEE,0
2QO8MTM,0
2QSAZWJ,0
2QTPEJT,0
2R6M9CQ,0
2R7JWHC,0
2RI7ZCT,0
2RZ6KC4,0
2RZPTRZ,0
2SECU28,0
2SIIA3X,0
2SQJYZH,0
2T6H24N,0
2TA0GP7,0
2TLLWEC,0
2TOPCH0,0
2U1L27M,0
2UDZWK7,0
2UHSE0H,0
2UWJCMM,0
2V6SZJE,0
2VTJDQQ,0
2W37WE7,0
2WONVLR,0
2X04KXI,0
2XCHEKR,0
2XHK1BR,0
2Y6SLNA,0
2YC8AXI,0
2YNI6KM,0
2YV0S2B,0
2YXIIMW,0
2YXO07D,0
2Z5IOSR,0
2Z8BKDK,0
3050CNN,0
306SNRT,0
30R3VQ3,0
30TIFVI,0
30U1JCF,0
30WLQK5,0
311QNFQ,0
32B2TOL,0
32G4ZE1,0
32QXWCP,0
32TI7T1,0
32Y9CRO,0
3315AE0,0
33BPUKX,0
33J8LN3,0
34G5SCR,0
34MIZD2,0
34NR5ML,0
35AMSJ0,0
35ELTR9,0
35H3MV8,0
35ITIC1,0
35XIDVK,0
35YKDIL,0
3675I9L,0
36B76OS,0
36BJTBH,0
372D93N,0
37DYXCM,0
37RQ2MV,0
37TSY8E,0
37TX1N9,0
38CRDMJ,0
38ES878,0
38N1596,0
38WCJOK,0
395XFWV,0
39H14RV,0
3ACORPT,0
3B10CBW,0
3BI2EUV,0
3BQGYR0,0
3CTEM3L,0
3CW3HVV,0
3CXU0CE,0
3D1HVRQ,0
3D5XUWW,0
3D9JVVN,0
3ECISFM,0
3EM9L8O,0
3EUVQJ2,0
3EWFEPM,0
3EXMW9B,0
3FIEQHX,0
3FKTP3P,0
3FPB6X4,0
3G6OXED,0
3GAE9IV,0
3GETF3J,0
3GJ2IA9,0
3GKOWVI,0
3GKUF4L,0
3GWREBF,0
3HLBDYM,0
3I7J6GR,0
3IZEWRM,0
3J08X4E,0
3JVDGZI,0
3JZ3BZ8,0
3KHOJOI,0
3KPIW17,0
3KT2MPB,0
3LB96NJ,0
3LCRUXV,0
3LZOAO2,0
3M0J2WT,0
3M0OFUM,0
3N6ZMD3,0
3NE2WKA,0
3P0LXR3,0
3P1LR00,0
3P382K2,0
3P3NS0T,0
3P7CQRW,0
3PFQ25E,0
3POAMTG,0
3PUJTRE,0
3PWRSC7,0
3PWSH53,0
3Q0WTH6,0
3Q3BEVU,0
3QYNEPM,0
3R20KIH,0
3R78JIV,0
3RUUBHJ,0
3S3PPE0,0
3SEX2RZ,0
3SH62BD,0
3T5GXB1,0
3TJWLGE,0
3TKQ8JA,0
3U5I4EK,0
3U63EX4,0
3U75E5E,0
3UBKE2S,0
3UGJEC4,0
3UVJNIZ,0
3UX127Y,0
3UZT5W9,0
3VFQGQ6,0
3VZC3SW,0
3W5E3GA,0
3WDI7BX,0
3WI8C2U,0
3XPBB2G,0
3YAT0OJ,0
3YKTRES,0
3YLMPPZ,0
3YSAZ8Z,0
3Z1VGH6,0
3ZDN2MG,0
3ZEWU0O,0
3ZV6U2I,0
40G2UAJ,0
40XCY4A,0
417SLBJ,0
418NOIG,0
41X6R63,0
41ZOR05,0
42BJOSV,0
42CGGH8,0
42EIVFU,0
42WHKCR,0
43AB43C,0
43H7QSM,0
43J3M98,0
43QNVYP,0
4585TSR,0
464TB19,0
46BXB4K,0
46OGISS,0
47RTN1R,0
4821D2I,0
486T3IE,0
48H2BL6,0
48RH7BL,0
499TDA5,0
49HR3AJ,0
4A7HCG1,0
4AGMT0R,0
4ALMGEK,0
4ATV8HE,0
4AUGRDI,0
4AWD6O5,0
4B4E4TW,0
4BD6WTU,0
4BHXDKW,0
4C35KC2,0
4C3ELI3,0
4C43TGX,0
4CHGL1V,0
4CKZ2OW,0
4CXQ3KV,0
4D4UZS7,0
4E0OLNX,0
4EB13D7,0
4EP8HJ1,0
4EWPUA2,0
4EYWQ41,0
4F3DOPJ,0
4FRCMBB,0
4G1G798,0
4GCLYBM,0
4H4ROL3,0
4HB0KVN,0
4HJ94OM,0
4I3KN23,0
4I4PXTR,0
4ITKAEE,0
4JBO8WD,0
4K2BUTB,0
4K7PNPA,0
4K92541,0
4KEPSI1,0
4KME52C,0
4KRR6YI,0
4KYKTWO,0
4KZ97KQ,0
4L6JFF9,0
4LVFD2O,0
4M2RIEC,0
4MBONIX,0
4MGGN33,0
4MQ5X6O,0
4MRHSGB,0
4MUM5JZ,0
4NG5WCL,0
4NPP648,0
4NYTW9Z,0
4O196AK,0
4OLYWE4,0
4OSCJBE,0
4P2TSBS,0
4PKTWFM,0
4QCWK7N,0
4QGH6SK,0
4R7P2X8,0
4R87PR3,0
4S4KSV3,0
4SB6NX3,0
4SGIU71,0
4SXB3E4,0
4SYFUAZ,0
4T0IDS2,0
4T8QZ6M,0
4TEBWN2,0
4TLL8OV,0
4TPV8GD,0
4U2TZSK,0
4UG9H3N,0
4UINSRB,0
4UV3B9I,0
4VQ9Q3M,0
4VY5VR3,0
4W4TUIR,0
4WVNOF6,0
4XRL737,0
4XWWHLH,0
4Y15AUG,0
4Z0EG3S,0
4ZD39E2,0
4ZMZQVY,0
4ZT9QH8,0
502ZTGV,0
50FCF19,0
50I3INQ,0
50USJR7,0
5142UNG,0
529E123,0
52L3Z50,0
52VRBVV,0
54A6LVG,0
54KZU6B,0
556GTWL,0
55GJNCI,0
55H116V,0
55XR84O,0
56FV6C1,0
56HE1DN,0
56N13UF,0
56Q2065,0
57LOAUK,0
586MRY8,0
58EDW7U,0
58FPYCF,0
58GNDC0,0
58JD0FV,0
58N7L5I,0
59K8BMI,0
59S2Z9D,0
59YD34Q,0
5A1DSZF,0
5A77OI9,0
5AYWJ48,0
5BEL3AS,0
5BIJ96S,0
5BSET93,0
5BXBY8Z,0
5BXESV3,0
5BYE7JU,0
5C4H5KX,0
5CD2HET,0
5D1BR1V,0
5D4Z6YY,0
5D6GNV0,0
5ECDOBF,0
5EPKSA5,0
5EUL6OC,0
5F2TCFR,0
5F3XQET,0
5F90TOM,0
5FRQ9AO,0
5FZ0I2N,0
5G184M3,0
5GB62CR,0
5H5X75D,0
5HENH8O,0
5HEOKKK,0
5HEY83B,0
5HM597K,0
5HML6VR,0
5HN8PX4,0
5HSNB24,0
5IFA20V,0
5IH8NE0,0
5IMG0E8,0
5J60SZE,0
5JFOEZW,0
5JICCTL,0
5K9SD72,0
5KFA32E,0
5KJHGPA,0
5KLNIH1,0
5KMYKT4,0
5LFMQOR,0
5LNNXVS,0
5LSIKQ7,0
5LZXZ49,0
5MAWOFY,0
5MW72CJ,0
5N7D1TH,0
5N7VNXX,0
5N809FR,0
5N8LKF0,0
5OSKX63,0
5OVUXDS,0
5PLJOYX,0
5PVARK6,0
5Q0TXD8,0
5QCW4OX,0
5QSYKST,0
5ROG3NJ,0
5RWS9HK,0
5S21DNB,0
5SGX2OR,0
5SN2VJT,0
5T0PM8F,0
5U0I1AQ,0
5UNIDI8,0
5UU6ECK,0
5VAYB24,0
5VPW3I1,0
5VQZHW8,0
5VVOWAY,0
5VWSPLS,0
5VXVCJS,0
5WA609F,0
5XAVYNX,0
5XIAHEH,0
5XQB3DP,0
5Z47RZB,0
5ZQ7XJC,0
600OQUS,0
60COZ6Y,0
60GK0IR,0
60MG65C,0
61H9ME7,0
61S8SM2,0
61WT7YD,0
61Y13DA,0
62XVA4I,0
63P4PRG,0
63SQHS6,0
646IOW2,0
667TWAO,0
669PC7L,0
67FIRHH,0
68OVAYL,0
68Q9TPX,0
68YCR2W,0
699PB6T,0
69M9BXB,0
6BJY7IX,0
6BOAPZD,0
6BZMLKO,0
6C9RP07,0
6D1PXVT,0
6D9HIXH,0
6DG0HND,0
6DOQCB4,0
6DVAQUZ,0
6E3540E,0
6EEA8CP,0
6EINLR7,0
6FCWREM,0
6FJ2EZS,0
6FU471Z,0
6FVC96S,0
6G1RYK4,0
6GJ72QJ,0
6GRBG9X,0
6GRXBI7,0
6GVDH08,0
6H0BCIS,0
6HIWWFM,0
6HKJ16E,0
6I3O6I3,0
6I84YGQ,0
6IEWRUF,0
6IHJO8D,0
6IR4IPZ,0
6IZDZAC,0
6J43HVF,0
6JZQO9N,0
6K58C6L,0
6KDG2OC,0
6KDXS2Y,0
6KJILMU,0
6KSVQCO,0
6KTNUBC,0
6KXG32U,0
6LDDDW4,0
6LLRNKW,0
6LMTBFU,0
6M6DX9S,0
6M7R4U3,0
6MMJEZW,0
6MZB35M,0
6N80Q26,0
6NA30Z0,0
6NCDQH1,0
6NCGG1O,0
6NDXNYU,0
6O4EPTZ,0
6OR577W,0
6PGTHYI,0
6Q8XSKL,0
6QHCJZV,0
6RTVJOY,0
6RW4L80,0
6RXIQQU,0
6S331GH,0
6SJT464,0
6SRBGDM,0
6T2GUGZ,0
6T7K889,0
6TA6H47,0
6TP2LU9,0
6TRKOHY,0
6TSLCQG,0
6UK5VER,0
6UPEPMS,0
6V2WHOJ,0
6V3WCW8,0
6V8FTH4,0
6V9BLXM,0
6W1GZTI,0
6W52IAO,0
6W5UI8F,0
6W99T7G,0
6WCM6CI,0
6X78O8C,0
6XIVOQH,0
6XIXLLE,0
6XRQ40Z,0
6XXRGTF,0
6XXVNOS,0
6Y4AZBD,0
6YCJCD0,0
6YCWMHQ,0
6YD72MI,0
6YEJ5XQ,0
6YSALC8,0
6Z7ZOY0,0
6ZDYL3F,0
6ZFPQRY,0
6ZGO8W4,0
6ZQ0G5M,0
6ZS4TLL,0
6ZVFQSJ,0
709RFVG,0
70HRHZZ,0
70VSO0S,0
7123RGR,0
716Q9TT,0
72EN571,0
72GCRJ1,0
72PDAGX,0
73Q0JDZ,0
73SBBQ6,0
73T96WM,0
745YOO7,0
74M2VX6,0
756Y5Y6,0
75A2C5T,0
75M9D10,0
7653S55,0
76G3HF4,0
76JTEC8,0
76K4D9E,0
76L6XH1,0
770YWIC,0
7721OE9,0
774HZD0,0
77KBAQ2,0
77MEYC7,0
77XGZ0G,0
7851QI2,0
785OFLZ,0
78B51QJ,0
78TMYN9,0
79D02FH,0
79FMIQX,0
79JKBKO,0
79RRMPM,0
7AO4O2L,0
7ATWRXI,0
7B05P1Y,0
7B26ARQ,0
7B8B8X0,0
7BA4MH1,0
7BHGGJM,0
7BWX5HK,0
7C4JAPF,0
7C672KF,0
7CCUPYZ,0
7CHFJJ3,0
7CQ7W0M,0
7DDDG00,0
7DEA5VR,0
7DUFBM6,0
7EDC747,0
7EH517E,0
7EVF6IW,0
7F92X86,0
7FNV8ZY,0
7FQRK3P,0
7FS29H3,0
7FU9PE2,0
7G3ZRS9,0
7G65176,0
7GOQPG6,0
7GQSPS7,0
7H21PB8,0
7H5SG8F,0
7HIFN0O,0
7HV8APV,0
7I2UGCI,0
7I4F4SF,0
7I4XTNM,0
7I5OMP9,0
7I9M9YP,0
7IC75P5,0
7IETN9I,0
7IJNIFJ,0
7J68RVS,0
7JBP6VU,0
7JDSK2I,0
7JEPVMN,0
7JOF24G,0
7JPLAI6,0
7JT8EPU,0
7JZ1NWJ,0
7K2PAKO,0
7L3M32B,0
7L9FY23,0
7LBK7C9,0
7LCAYGZ,0
7LUY123,0
7M8UDO5,0
7MQA9CW,0
7N1JVWQ,0
7N6IFCP,0
7O6RPJ3,0
7OEH7ZJ,0
7OFX966,0
7OUQ0CA,0
7P3XXPP,0
7P4AYH9,0
7P6ARIB,0
7P85DBZ,0
7PID0UQ,0
7PIE0QK,0
7PNL12Y,0
7PNQIR8,0
7PPCRF4,0
7QFLQ2I,0
7QVHDQS,0
7QWOLRQ,0
7R3F1KK,0
7RMRSYA,0
7ROB0DV,0
7S7ZFTP,0
7SJDFV7,0
7SYU5N2,0
7SZRZ6Q,0
7T1972J,0
7T663B2,0
7TABMCR,0
7TOS8X2,0
7U2PNMK,0
7UVQHEJ,0
7UVXT1O,0
7UWV0DG,0
7VMRV0F,0
7VZ8QU1,0
7W12UCE,0
7W1QPMC,0
7W4RXSG,0
7W70PV4,0
7WC8K8Z,0
7WGXV4Z,0
7X9R67B,0
7XI1Q7H,0
7XRVVUZ,0
7XWH2P7,0
7XXNFTK,0
7YQG3CG,0
7ZDPIN7,0
7ZHQ3NG,0
7ZRXX8C,0
7ZW8V9Y,0
7ZWHV74,0
7ZZ0W6B,0
802I7BT,0
80LNCLW,0
80MSNVH,0
80N4HXW,0
80RNAEJ,0
810FYPK,0
81FXY49,0
822HKIH,0
82FQXRC,0
82G73K7,0
82UXGPF,0
83L1PMG,0
841V9KI,0
84J4LW9,0
84PHYD6,0
84YYOAG,0
8572I4C,0
857VCRU,0
858ZF50,0
85O41OW,0
86H0Y25,0
86QPGYT,0
873UYGE,0
877HH9L,0
878DWEE,0
87XPMQB,0
881FDNM,0
886F3M7,0
8891DFL,0
88EQO0D,0
88HKB4T,0
88IR0KD,0
88LATRC,0
8A4F9H1,0
8A5VXC6,0
8AZZ6Q0,0
8BKPWWR,0
8BQS5DX,0
8C0YDMM,0
8C949X8,0
8CXNUO9,0
8D319W4,0
8D3PUZC,0
8D5WV4B,0
8D66Z0U,0
8DBS8LY,0
8DBYW1W,0
8DG82UT,0
8DRZW83,0
8E9RXJH,0
8EBPP7W,0
8EC8SQP,0
8EFB4G1,0
8FN5LL2,0
8FZG43M,0
8GAN9PB,0
8GC9FMF,0
8GCE97S,0
8GEXXRA,0
8HDM1R1,0
8HMC830,0
8IDW9ZV,0
8IG19EN,0
8ITV41A,0
8JJFHRM,0
8K2812P,0
8K44AYB,0
8L03WEE,0
8LEHCBA,0
8LJVEQI,0
8LYZAZM,0
8N2W8WS,0
8NCQ532,0
8NDZGHF,0
8NTJXBI,0
8NTK0GI,0
8NUTS1X,0
8NVK8GH,0
8O4YCWI,0
8O6AMBJ,0
8OQ8QSC,0
8PC2F9S,0
8PDU6JX,0
8PP7K1Q,0
8Q1SEY3,0
8Q2GWT3,0
8QM3VEX,0
8QOB0J5,0
8QOG64Y,0
8QY9ISX,0
8RC04C8,0
8RKJA9I,0
8RWTV46,0
8S8WXZ5,0
8SDYUYV,0
8SEQ0SV,0
8SFY87M,0
8TF2YDH,0
8THL45Y,0
8THUOQV,0
8TIBM2Q,0
8TIGQWF,0
8TJ0TQE,0
8TOBFSC,0
8V7MDWD,0
8VFBR4S,0
8VKD2G0,0
8W07UBG,0
8WA7MZW,0
8WD007M,0
8WVZ7R7,0
8WZPY09,0
8XJJ7IN,0
8XXUGHN,0
8Y9YR24,0
8YJN4CC,0
8YKGZ6G,0
8YPUYL7,0
8Z0028U,0
8Z1KTPR,0
8Z5FT9X,0
8ZG7DM9,0
8ZJ1N64,0
8ZQKE9R,0
902YQO2,0
90RXTR1,0
91K911E,0
91S8NT4,0
91T4IKY,0
91WC0A9,0
91Z5Y1C,0
92DRTCA,0
92WQO54,0
92XNXEC,0
933BI4J,0
938HODE,0
938IN4T,0
93DLHTX,0
944WST6,0
945XDQC,0
94XKZXI,0
94XVCSE,0
950U0RM,0
951IHCH,0
955BWEO,0
95DSGHY,0
95I9898,0
95SY05C,0
95Z0TWJ,0
96G4XJX,0
96H8LZT,0
96ILQ6B,0
96SRQB7,0
96XBZV9,0
97W8L6K,0
97X5STI,0
97YWULC,0
9831MNO,0
98BUXWA,0
98NQ3EY,0
99047U4,0
993ID9O,0
994Z5CN,0
997DOHW,0
9A2R6AI,0
9AI48TU,0
9AOV4YZ,0
9B2HGAU,0
9B3UTHX,0
9CBMIVK,0
9CJXUZN,0
9CPSHS7,0
9CQOBN2,0
9CQVWQG,0
9DD1JPS,0
9DN8VST,0
9EGEZVT,0
9EZ0Z8K,0
9F33MLF,0
9FBW2J4,0
9FHNHU9,0
9FLGNJ2,0
9GCM8QT,0
9GDS2FD,0
9HJ5QKC,0
9HKG9HX,0
9HRSPQV,0
9I3NWDB,0
9ICBDU4,0
9ILUB0N,0
9ION7DT,0
9J0R6C1,0
9J890VC,0
9JVPWRW,0
9K3AKID,0
9KGNXZV,0
9KJZFYC,0
9KPTUCT,0
9L9XA8A,0
9LSJESL,0
9LZWYEH,0
9M1GNB6,0
9M3WJSB,0
9M8DRWK,0
9MBDQKU,0
9MNYY2L,0
9MTSFPK,0
9MW2988,0
9NCD043,0
9NGDYJ9,0
9NIV0VC,0
9O0LZN9,0
9O8IXX7,0
9OECXQE,0
9OERK2C,0
9OFHZSH,0
9OTD1HP,0
9PDK5ET,0
9PK67Y4,0
9QP6H4Q,0
9R1S1IA,0
9R2OG41,0
9R3EZRK,0
9R75F06,0
9REM0PG,0
9RN2YQZ,0
9S7DV6O,0
9S9S8I8,0
9SB29CA,0
9SBN2M9,0
9SJH7TJ,0
9SJL08A,0
9ST5QI9,0
9SXOCKL,0
9THQRHB,0
9TTI7IH,0
9UQE16C,0
9UXHNNC,0
9UYLF4J,0
9VTMAR6,0
9W1HABR,0
9W9QSQ2,0
9WEOKC9,0
9WOOOX4,0
9WV0K0Y,0
9WY49UQ,0
9X6E3B8,0
9X7GUBF,0
9X9FYP0,0
9XBOXCA,0
9XDZEJL,0
9XGU8X6,0
9XOVUCV,0
9XPFT2N,0
9YACF26,0
9YDY45D,0
9YGIJU5,0
9YIGG0V,0
9Z4HDT8,0
9Z6HRVZ,0
9ZJ8ZHQ,0
9ZMXJ9R,0
9ZUMJTO,0
9ZZXVHI,0
A0GFRPF,0
A0N8E5G,0
A1K80JW,0
A1N8XYF,0
A2SVXMM,0
A2TEV61,0
A2V0L9Y,0
A4N39X1,0
A4P3290,0
A58DNA2,0
A59NJAP,0
A5EBCK2,0
A5OJKIH,0
A6D1YDZ,0
A6UVEI7,0
A6VX35C,0
A7412MG,0
A761B4Y,0
A7I0MFZ,0
A7J17I9,0
A7ZFBDJ,0
A863I5G,0
A8TFIN9,0
A8TZPVU,0
A93JISX,0
A9FLZ41,0
A9Z94YD,0
AAARMPE,0
AAOTWOR,0
AASZ65B,0
AAU9BGV,0
ABCA8GC,0
ABEJT22,0
ABOPZD6,0
ABV51YI,0
ABX83EP,0
AC6LERK,0
AC87NZY,0
ACFATVS,0
ACS822D,0
ADBSGA8,0
AE75YKP,0
AEC87WM,0
AEQQB6C,0
AFFW6TK,0
AFSFD9D,0
AGM30UZ,0
AGSG45E,0
AIG7FFH,0
AIZAPQS,0
AJ11Q68,0
AJDQMX3,0
AJDRTDJ,0
AJPY6QN,0
AJZ69AZ,0
AK6142C,0
AKFMOSS,0
AKQZHJY,0
AL2J2EI,0
AMA4WQ1,0
AMCBBGF,0
AMSEXMX,0
ANC9HMV,0
ANEH39S,0
ANLE8E4,0
ANORPIG,0
ANUQC5X,0
AO11WHR,0
AOFD21J,0
APOD866,0
AQB0GIM,0
ARU9STU,0
AS5PV30,0
ASKAA51,0
ASTW6CB,0
ATA7ZAW,0
ATLL1F4,0
ATVQAEX,0
ATX3S9P,0
AU06STK,0
AU423MN,0
AU5PI38,0
AUL5R7F,0
AUQCJJC,0
AURV397,0
AVQ08TI,0
AVY26L7,0
AVZDWGF,0
AW1Q58O,0
AWQR36D,0
AWXP2V9,0
AXAEN3Z,0
AXD2DOD,0
AXENK94,0
AXHGBIU,0
AXO5QFM,0
AXRZN3C,0
AZ1BCNZ,0
AZ59HRP,0
AZUNQMM,0
AZZ8TYX,0
B0NB2KT,0
B0OTDIE,0
B1F4L8I,0
B20UZGX,0
B2E1X9W,0
B2KBFJB,0
B2M23R5,0
B2MMK6E,0
B3U6SPA,0
B4B57LW,0
B4D9VLP,0
B4VKO3G,0
B4Y6W4D,0
B50WEXD,0
B58CEBM,0
B5AL1V0,0
B5L2GUW,0
B67SCIM,0
B687D8U,0
B6ND56C,0
B744Q41,0
B7PQYGC,0
B7T4UUT,0
B7XI5EH,0
B80UXLG,0
B8FP7DQ,0
B8ZFS5M,0
B9BCP5Z,0
B9HCX99,0
B9PHCMM,0
B9PRJP0,0
B9R5B1W,0
BA251MV,0
BA7QOL7,0
BAEQ4LS,0
BAOAX29,0
BAS3X6S,0
BB2UAZR,0
BB6G03C,0
BBL38AK,0
BBLFHH3,0
BBX5N3I,0
BBXQTV7,0
BBYCPNS,0
BCAPGFB,0
BCORGGP,0
BCXATUB,0
BD219RE,0
BDCPOE6,0
BEDQDGE,0
BEGTXJM,0
BET88YL,0
BETG9OF,0
BEZLOFK,0
BFGVJBC,0
BFLF8KT,0
BFT5I0M,0
BFUYX61,0
BGPYT6X,0
BGYTTTX,0
BHGVAYP,0
BI3KPBH,0
BI8077I,0
BIMKFWF,0
BIOCNNG,0
BIZZESO,0
BK3UNJG,0
BL99R8O,0
BLIAHLH,0
BLJY9FR,0
BLOHAXN,0
BLT4MRL,0
BM27S39,0
BM7VTK3,0
BMSEXKE,0
BN5E3K0,0
BN97T9P,0
BN9G5YJ,0
BNBE8XU,0
BNEO8HD,0
BNNRRG0,0
BNS6AY7,0
BORT55Q,0
BOT123T,0
BOXKJ5N,0
BOZIKRY,0
BP1RQ79,0
BP1YG7J,0
BPAE8AS,0
BPMGWTS,0
BQ7L0CQ,0
BQIEPZ6,0
BRE70XY,0
BREAFOL,0
BRKO2KP,0
BRYLRY9,0
BT667OA,0
BTEKMV4,0
BTG1ADK,0
BTMYQIR,0
BTN6RNJ,0
BTXHKYB,0
BU9P5OM,0
BUL3GZ5,0
BUTINXK,0
BVHNU3T,0
BVMU4CT,0
BVWP1U4,0
BWAH55M,0
BWCSO6L,0
BWKAR4L,0
BWQW8O3,0
BWRMNA6,0
BX7MZOP,0
BX9IVL2,0
BXGUC8E,0
BXQA72C,0
BXTZMJH,0
BYC89Y1,0
BYTGOCY,0
BYXXX6I,0
BYYPEQ2,0
BZ0LJ2J,0
BZ2C9G2,0
BZ8TNNP,0
BZ90XET,0
BZM0BHB,0
BZUBB11,0
C0AB4QO,0
C0FPR05,0
C0NFMAV,0
C0PM0QK,0
C0PXEQE,0
C12JS0D,0
C12YVUM,0
C1BMH0R,0
C1INMF4,0
C1LDWAG,0
C1Q555N,0
C1Z09M1,0
C2519Z8,0
C2VFN0N,0
C3AR11B,0
C3B5IMN,0
C3LSAQT,0
C3LZNQU,0
C3Y4HTY,0
C4GNYTQ,0
C4IEO6B,0
C4M5VA8,0
C4Q60GD,0
C5VQITQ,0
C75IYS5,0
C7660EJ,0
C7BOHD1,0
C7BS7MI,0
C7NRDG9,0
C7U3E5U,0
C87IQVS,0
C8A4SH3,0
C8EH76W,0
C91B9B1,0
C935F2H,0
C968ETP,0
C9I19NB,0
C9JJ9PN,0
C9MB2Q7,0
C9QPUL4,0
CA7IH0W,0
CADISHI,0
CAHHBLN,0
CAXCUOU,0
CB91ERS,0
CBDSJSD,0
CC40IP1,0
CCFEKL2,0
CCFFIO2,0
CCT5UNL,0
CD79ZBR,0
CDOV9G2,0
CEBS2GQ,0
CECEHBS,0
CEFNC1X,0
CEGXBRT,0
CEXIJTK,0
CF6DKDE,0
CFA2GJJ,0
CGNUDRO,0
CHMP0PG,0
CI9YOKZ,0
CIRL425,0
CIUGORE,0
CIVGQY7,0
CJ3KK80,0
CJSEEK4,0
CK9Y7AB,0
CL2IZ9I,0
CL321VC,0
CLFHWCM,0
CLHDOTT,0
CLHTCK3,0
CLLNSEZ,0
CMAUV8K,0
CMD9GHF,0
CMGICJL,0
CMJ94T2,0
CMO4NJ9,0
CN1PU23,0
CN4NYC2,0
CNFA4A7,0
CO972LU,0
COBMV4H,0
COLM947,0
COP39SY,0
CPAV2BT,0
CPEVGJY,0
CPWEF47,0
CPZO7V4,0
CQ7H0JW,0
CQ81RM9,0
CQ93336,0
CQC3M88,0
CRAGPHD,0
CRM6Z7G,0
CRPCUGG,0
CS7KN1O,0
CS9F5ML,0
CSE1LGZ,0
CSORG2N,0
CSSO4V1,0
CT7LGVS,0
CTFR1RH,0
CU40VOZ,0
CULFATX,0
CUYKUZE,0
CVH63QS,0
CVN9EQM,0
CVZM9RA,0
CW313OM,0
CW7DUHQ,0
CWTXZ84,0
CXC0DXT,0
CY2HNBO,0
CYB37HM,0
CYKS857,0
CYL2NNE,0
CYNFJWW,0
CYYNUV6,0
CZ0N1U9,0
CZEDJVT,0
CZHT2TL,0
D044N8C,0
D0ANOKU,0
D0MYS9R,0
D138KZW,0
D1FGPNT,0
D1OE2MC,0
D1UUW8A,0
D2DCMW1,0
D2MXNGH,0
D3GQ36H,0
D3P8KJ9,0
D3RELP5,0
D3VLI08,0
D4AJQBL,0
D4DGD32,0
D4JOA88,0
D4XDZ03,0
D5211QS,0
D52B6S1,0
D5A4CFJ,0
D5WWZ9K,0
D66HBXC,0
D68SPX4,0
D6IOMVT,0
D6O895P,0
D6PB665,0
D6Y2J32,0
D7CGL01,0
D7KYAQ2,0
D7R0X37,0
D81JV6L,0
D849YDU,0
D9E646D,0
D9G13C4,0
D9KJWBB,0
D9S4YUV,0
DAFK02J,0
DAMULH5,0
DAPRBHA,0
DAR03AF,0
DB9DFIE,0
DBD8DBG,0
DC18LQ7,0
DCNMG2D,0
DCW7TEK,0
DD7NSST,0
DD7RJSI,0
DDTPI4W,0
DEEPLPL,0
DEJCOF6,0
DEV5DLB,0
DFCD9F8,0
DFHUXZ4,0
DFOMIAL,0
DFP6JEG,0
DFV9J95,0
DG3N54H,0
DG9FU12,0
DGS6KNW,0
DH9PR73,0
DHDOIEL,0
DHVAMYZ,0
DIAVK69,0
DIM5MLQ,0
DIT3ROS,0
DJ65J5K,0
DJ9R693,0
DJJPAAY,0
DJLI5QR,0
DKAV8ZD,0
DKO1PY4,0
DKYV2NN,0
DL9J8AK,0
DLQQJJ8,0
DM3UDEN,0
DMB08IB,0
DMCRADT,0
DMJ7TOZ,0
DNFG7QV,0
DNHNG52,0
DNNI5QH,0
DNSI7VP,0
DOJFM5E,0
DOMKG5Y,0
DP0LP55,0
DP70NA6,0
DP9MZ96,0
DPBJNSA,0
DPODL8I,0
DPR14AS,0
DQ228GH,0
DQ4Y3XQ,0
DQI8BZ6,0
DQQA2DZ,0
DQX0O6D,0
DRFHINR,0
DRZUWYY,0
DSBFR7L,0
DSJFFAW,0
DSPS0YE,0
DSZRHKJ,0
DT15E8F,0
DT39CHB,0
DTFE19H,0
DTKTTDE,0
DTLQ8AW,0
DTOZNE4,0
DTWJOPO,0
DU3FBB9,0
DU3LP6D,0
DU65PRU,0
DUB0I7P,0
DULVM0Q,0
DUU5TR0,0
DV90D5U,0
DVB45LR,0
DVXCQYL,0
DW2RI0O,0
DW5ND7K,0
DWC1MUN,0
DWJ1H9R,0
DWQHDZG,0
DWRMBCS,0
DWTDCZS,0
DX2GE6M,0
DXB7FX9,0
DXDATA1,0
DXYLTYI,0
DY6NY5M,0
DYCTI58,0
DZ1ARR7,0
DZ44Z36,0
DZTOHMV,0
E0JSU5T,0
E0JZ9TY,0
E0N7OUT,0
E0PLFK7,0
E0T5OI7,0
E0UY7EE,0
E1G3XFU,0
E1H1EEP,0
E1O5MSB,0
E1PBJP5,0
E1SLJWR,0
E1ZG76J,0
E20Y47M,0
E24TTJ3,0
E2EGU4V,0
E2VV56X,0
E2WKRBY,0
E47T2TG,0
E5LMXTX,0
E5SBB8E,0
E5U7F08,0
E5YHHKF,0
E6CKGNL,0
E6DNWE6,0
E6E62ZA,0
E6KMVKP,0
E6XC4XQ,0
E6Y5Z5D,0
E7RAMSO,0
E838LYX,0
E8UACHJ,0
EA1HGMB,0
EASI9GL,0
EAYNR5H,0
EB28TSC,0
EB4Q9VB,0
EBAJ8Z4,0
EBAQSTC,0
EBDNXA6,0
EBMBQ9E,0
EBMHGV5,0
ECGL8KR,0
ED4WT42,0
ED9TW1B,0
EDF3BHB,0
EDSUGHX,0
EEB2NCX,0
EEONU34,0
EEWB8AD,0
EF1KAB4,0
EFEP0YC,0
EG6YZAS,0
EGZD5JR,0
EGZPMPP,0
EH8Q4QB,0
EHO5YMQ,0
EIQVS0D,0
EJ1V493,0
EJA3TES,0
EJE7B3M,0
EJQFS44,0
EKOUQJ7,0
EKV2OJL,0
ELNPWDR,0
ELTAPLL,0
ELVXH66,0
EM5W180,0
ENC315H,0
ENHH88V,0
ENIHJL3,0
EOEDEQG,0
EOKNUM9,0
EPOEDDC,0
EPOJ15H,0
EPUQWF5,0
EQ0G4BP,0
EQ2JP0E,0
EQI0QB0,0
ER0WYX2,0
ERHLQXL,0
ERR03HI,0
ERTRCF8,0
ERXQ553,0
ES1BNC6,0
ESNCA54,0
ET6Y1R9,0
ET8MX9P,0
ETDVPJR,0
ETPQ15A,0
ETSMC19,0
EU857VI,0
EUA9UHO,0
EUTEVO3,0
EUX8EO5,0
EV0W71Q,0
EW9YJ0Z,0
EWPBB7K,0
EWYFW5R,0
EXGITVD,0
EXMO2NZ,0
EXT06IC,0
EY77HTB,0
EYEBPTR,0
EYKRQF6,0
EZ69NWO,0
EZ7URI1,0
EZNTEER,0
EZQG6ET,0
EZVT3FL,0
EZZFIW6,0
F06EJDA,0
F1AYNSB,0
F1UG0DL,0
F1Y0OFX,0
F2545K7,0
F26LC00,0
F28EMHF,0
F2EHECJ,0
F3EJEN1,0
F4IVUYE,0
F4U876I,0
F59OZ87,0
F5MYTWI,0
F5VC6KM,0
F63O6DQ,0
F6F1X29,0
F6T5QN0,0
F6YTQGN,0
F71FN7A,0
F7Y6EP6,0
F818PHP,0
F8OMYAK,0
F8UE0X7,0
F8ZF9TH,0
F99IKZ6,0
FA0N4O0,0
FAP4N15,0
FAP6T4M,0
FAQYW6P,0
FASRIE8,0
FATWGIQ,0
FB92XSI,0
FBJ1B84,0
FC0CE37,0
FC0N075,0
FD2J8V0,0
FDSED0H,0
FE3WDPO,0
FEBN41Y,0
FECFPRX,0
FEMYK2O,0
FEQHO8E,0
FETTZUM,0
FF28MMM,0
FF3V5CH,0
FFAOB0K,0
FFLW98K,0
FGCBLPM,0
FGGKMPC,0
FGLY7XT,0
FGYE47D,0
FGYMYC8,0
FHDB7PV,0
FHQBDG1,0
FI2GX8X,0
FIQK3JD,0
FIUF0OE,0
FJC25WP,0
FJGKHON,0
FJULCUK,0
FLEPAKU,0
FLLH7S1,0
FMVMSWI,0
FNAXYOW,0
FNB59BD,0
FNGAHWD,0
FNPBO2C,0
FNQVMVQ,0
FO4YL6H,0
FO8SR5R,0
FOCXT3K,0
FOS9JF7,0
FPK0F21,0
FPLEOXB,0
FPUSMBO,0
FPV9F0Q,0
FPYRYHA,0
FPZC4GH,0
FQ97937,0
FQON22K,0
FRBVJKC,0
FRF1RKP,0
FRLVDH6,0
FS082DL,0
FSA9P6F,0
FSET01D,0
FSLWKNW,0
FT6XDVT,0
FTQGV9I,0
FTT4AQI,0
FU61ULH,0
FU94OTA,0
FUA4V15,0
FWPTKML,0
FXEKJ4L,0
FXU10YU,0
FY1K6F4,0
FYJB4P7,0
FYLY7IS,0
FZ0VF6A,0
G023MEK,0
G0SL5PN,0
G0VTC4V,0
G15E8PJ,0
G192Q2W,0
G20Y5GU,0
G22L644,0
G2GV1PE,0
G3TZIE5,0
G4TV6UU,0
G4YGQCZ,0
G52XHR4,0
G53B5FM,0
G56IZS6,0
G5CMOE6,0
G5HFQ5Q,0
G5KW001,0
G6NJT5F,0
G6TIRAG,0
G6ZHRZL,0
G80VW6G,0
G8N6CS8,0
G8S8G7O,0
G8VPLLA,0
G98QWMF,0
G9HQQV6,0
G9PNTAW,0
G9XG52E,0
GAI610C,0
GAYTJFD,0
GBNHXSF,0
GBQSN4H,0
GC3JHEC,0
GC91UJF,0
GCCPR86,0
GCPZ2ZP,0
GCYD6DN,0
GDIA1PG,0
GDVBEJC,0
GE4L2RX,0
GEKM25O,0
GEQJ66Q,0
GEUJJTK,0
GF2GF79,0
GF6WGGE,0
GFKO34J,0
GFN439P,0
GFTZ3UO,0
GGUVH94,0
GGXRQU9,0
GH4DO47,0
GHDWWBS,0
GHVH4HM,0
GI7PWGA,0
GIBYTTC,0
GICP3ZN,0
GIMJNN3,0
GIQ9LZ4,0
GIUI2LO,0
GIW50XV,0
GIWZZ1R,0
GJFLJ92,0
GJQIHFF,0
GJUCLPM,0
GK9ZHOK,0
GLK41KI,0
GM5KB19,0
GM7I2VX,0
GMUQV20,0
GN6MO7I,0
GNBWKYS,0
GNOZME8,0
GO64H9Q,0
GOEAVKM,0
GOF4V5U,0
GOHR77C,0
GOQQ1EJ,0
GP6ENY3,0
GPCF3MT,0
GPL9EA7,0
GPWXQTN,0
GPY88IU,0
GQ5DAA9,0
GQBP4WX,0
GQDXHXH,0
GQI5PZW,0
GQJQVE6,0
GQM9H4C,0
GQNQKW5,0
GQPBCUU,0
GQSB6UF,0
GRA0ZM0,0
GRB5SP6,0
GRVKRTI,0
GSBW6O3,0
GSCENJH,0
GSINYD8,0
GSXQJUD,0
GT4FH1Q,0
GTUI848,0
GTVMCIR,0
GTZS80H,0
GU2JHSJ,0
GUFM48Q,0
GV6673F,0
GVC3WAC,0
GVCY8XX,0
GVDDH1E,0
GVDWWKI,0
GVRD5Y2,0
GVVAIDT,0
GWDAS79,0
GWMD7CT,0
GWNPN7L,0
GWTVB3B,0
GX7IHT1,0
GY61Q7X,0
GYI8V43,0
GYLSYZJ,0
GYMGZRG,0
GYNCDAC,0
GYXYCO5,0
GZSU9KI,0
H0RG1GS,0
H0SSKO5,0
H0W30T6,0
H0ZY7CU,0
H13FAF5,0
H191SBY,0
H1N3IBI,0
H207LJH,0
H21QJ21,0
H2HS0QZ,0
H2JZ4DK,0
H38NGO1,0
H3B6J65,0
H3K8KVA,0
H3LXDAX,0
H3WO6F1,0
H3YAQMC,0
H3ZQE6L,0
H43PBSD,0
H4ET6UW,0
H4F5KM4,0
H5ALZZ9,0
H5F26Y3,0
H5IBQYH,0
H5OPPHS,0
H69Q4M2,0
H6AT3QZ,0
H6DIWCN,0
H6OHB5B,0
H6S3CRP,0
H6SQJJ8,0
H726OIQ,0
H7AQUYH,0
H7B2EP5,0
H7KDY1V,0
H7L2C5L,0
H7O3OAX,0
H7WLKIF,0
H855P4D,0
H8ASYAQ,0
H8H6BGX,0
H97GQOK,0
H9W5NP4,0
HA2Y5IA,0
HA5Z0B5,0
HAB67MG,0
HAPWH98,0
HB6RHL5,0
HBEHTX9,0
HBZCSPL,0
HC1Y7CE,0
HC4PXZ3,0
HCBPKB2,0
HCDBA97,0
HCYF4CM,0
HDIAYQQ,0
HDODTI4,0
HDVW5EZ,0
HE0QRDE,0
HE35CXS,0
HE9PAGZ,0
HEGNCSW,0
HERFK2N,0
HF0RM5R,0
HFF1XBW,0
HFHRNMZ,0
HFTVYRX,0
HFWZU97,0
HG1O1S6,0
HGKQ6C6,0
HGX8ZTX,0
HGZF9MW,0
HH7XTX8,0
HHPLABB,0
HI07W60,0
HIGCQS3,0
HIKCH9B,0
HJTYZ2B,0
HJYSIHQ,0
HKWRNI3,0
HL7OG42,0
HLFD56L,0
HML0P5H,0
HMULO8Z,0
HMX5NAF,0
HNH0UFZ,0
HNV8ZMZ,0
HNXJGW2,0
HNYWMV2,0
HO60N8C,0
HOYH3QM,0
HP4FY92,0
HP7ITT1,0
HPKRLO1,0
HPNC19Z,0
HPV7OEG,0
HQ2LG0H,0
HQAKSXL,0
HRET2A1,0
HRG2FKY,0
HRKI1WI,0
HRVX7HS,0
HS1EZFP,0
HS7SDC7,0
HS9FIKL,0
HTYIAQF,0
HTZ3BIM,0
HUHW0DC,0
HUN20Z2,0
HUQ9T7T,0
HUZRIDF,0
HV2C9OI,0
HVBQAQ6,0
HVNPZK6,0
HVRHT71,0
HVV55IE,0
HVV5IFJ,0
HWBPRFA,0
HWK64MP,0
HWLFX0D,0
HWVWM6N,0
HXJO70A,0
HXT42ES,0
HY7N8V6,0
HYJ8WD0,0
HYMPJNW,0
HYUMT0K,0
HZ6CESY,0
HZ8JXK6,0
HZH5T88,0
HZTOYCZ,0
HZUHMIS,0
I0V3Y3Z,0
I0ZMMUL,0
I11J800,0
I21DH9N,0
I25PSGP,0
I26Z9DR,0
I2MIBD4,0
I2O38AB,0
I2S7UTL,0
I2YEHS1,0
I37F1TT,0
I39AOSZ,0
I3DLQA4,0
I3DSI59,0
I3O0CV4,0
I3XVIRV,0
I3Y0S0X,0
I45GQNH,0
I46GRS0,0
I49Z23I,0
I4P466T,0
I50Q0EO,0
I5MOSVV,0
I5QXG5X,0
I5TGPNN,0
I5ZAFFX,0
I65APX0,0
I67FUBL,0
I69K5JS,0
I6WO11O,0
I71M125,0
I7FZYMA,0
I7IZ0FK,0
I7XCZ0U,0
I8D06X8,0
I8JAZCX,0
I9JAHQM,0
I9LMQ3K,0
I9QIBAC,0
I9TPTA2,0
IA8DS22,0
IAFCMPQ,0
IAMZXGU,0
IATYJCP,0
IB139Y8,0
IB2B0F0,0
IB530YT,0
IBUP8AZ,0
IBYCHNG,0
ICBH1TF,0
ICBTOIC,0
ICQDPVA,0
ICSI4JI,0
ICYR71R,0
ID1SXGL,0
ID2JAB9,0
ID5ZIC9,0
IDDAMEZ,0
IDJGY6F,0
IDRRIGY,0
IEA6V5I,0
IEENOQ5,0
IEWIXXS,0
IFA4B0H,0
IG9WRII,0
IGAJGOQ,0
IGVHFS6,0
IH509HW,0
IHVESP4,0
IHWCZYU,0
II5LG5V,0
II7PAQZ,0
IIEM85U,0
IIS4BP5,0
IJ2OQY4,0
IJA7L93,0
IK17DPN,0
IK6A32P,0
ILN6MEI,0
ILYXXOW,0
IMKMAFM,0
INND8MW,0
INPL1QI,0
INRBYP2,0
IONZEX7,0
IOU796D,0
IPEKRI4,0
IPIY8K6,0
IPT26MV,0
IPYYZ3Q,0
IQ19TF8,0
IRH3I0T,0
IS0A314,0
IS3SY9Q,0
IT29J7P,0
IUDKXVO,0
IUFVV0M,0
IV7QSCP,0
IVHA0A8,0
IVHTC9J,0
IVHWW72,0
IVJ7RH2,0
IVQ47Y6,0
IW77ZLU,0
IW82HBK,0
IWIQCMT,0
IWJE6GB,0
IWYUHAI,0
IX5DAD5,0
IYVXAUI,0
IYW9Q0A,0
IZBFUAJ,0
IZLLLPN,0
IZOJJQM,0
J05A0OL,0
J0CO4C5,0
J17OHDY,0
J1XBRG3,0
J1ZDQQ3,0
J1ZTYU1,0
J229EE1,0
J2CRPKE,0
J33AXJP,0
J3E2R32,0
J47WD62,0
J4L6H6X,0
J4XYKT8,0
J50Y5K2,0
J54T464,0
J5BMYJ9,0
J5PGNUV,0
J5SAXKO,0
J6255V3,0
J626W0Z,0
J6E4D1T,0
J768GIL,0
J7IR52K,0
J7TJSFU,0
J894KE3,0
J8FUUUP,0
J8RX9L7,0
J943OBW,0
J994FT9,0
J9GQV94,0
JA3SUF1,0
JB47W1S,0
JB94023,0
JB96X5S,0
JBDKX66,0
JBXW0ZN,0
JC92J49,0
JC9R6JE,0
JCAQAGV,0
JDB13CC,0
JDE9MLY,0
JEJO6NZ,0
JEJQGES,0
JETVD01,0
JFSHRPY,0
JFX1YKP,0
JG3XPGU,0
JG6XBQB,0
JGNMI63,0
JGZ2L48,0
JH8NW47,0
JH9T91H,0
JHV9QYE,0
JIXBY3A,0
JJ9IHXN,0
JJERWDY,0
JK0PPEE,0
JK3WY4X,0
JKJR99G,0
JKUPLA4,0
JL345JR,0
JLBIU9S,0
JLHPWPT,0
JLIAWPB,0
JM43I1P,0
JM5KKZN,0
JM6PH4A,0
JM9QANN,0
JN9LACV,0
JND8DDQ,0
JNGVCVT,0
JNPY9BY,0
JNQ3OJZ,0
JNUT01L,0
JO0II0N,0
JOJHE37,0
JONR0VM,0
JONZNHP,0
JOTMTY8,0
JPG0DOS,0
JPSD5OX,0
JPUW57S,0
JPXTZGP,0
JQ1YXJW,0
JQ2M2HL,0
JQ6KJFH,0
JQ6T1VG,0
JQMYPVE,0
JQRC1T4,0
JQXW17L,0
JR0VOM8,0
JR10M3D,0
JR1UR3L,0
JR9FPTT,0
JRF572P,0
JRUXHQS,0
JSOWDMN,0
JSP6YB5,0
JSQCU76,0
JSXUOC3,0
JT5Z9DE,0
JT7C3QT,0
JTM52F2,0
JTPFXSC,0
JU6XG98,0
JUM44LT,0
JUO1QRG,0
JUST8ZQ,0
JUT3VVM,0
JWWYAIV,0
JX0TQMD,0
JXE5YCN,0
JXFU4EN,0
JYX5OCR,0
JYZEW5J,0
JZCZZUY,0
JZH7HFX,0
K0PGCEL,0
K1C08DA,0
K1QQFAM,0
K1XX4QK,0
K1ZQ4HY,0
K2946WB,0
K33JC5R,0
K3932WW,0
K3EVTS9,0
K3J8DHL,0
K3O7063,0
K3Q5HSS,0
K3YBG79,0
K43JXVD,0
K4DD9O8,0
K4G19IJ,0
K4KC4SW,0
K4P1CM6,0
K4RN16I,0
K55Y98I,0
K59ARL4,0
K5FLVDV,0
K5H5HPF,0
K5LHHQH,0
K5WJEE2,0
K6KVJLT,0
K6ZAJ77,0
K71VLUK,0
K74OE0W,0
K76Y77P,0
K86EA6A,0
K8HUZT6,0
K8O9LZY,0
K8PITS0,0
K988H8H,0
K9915IM,0
K9VXZ71,0
KAA7GAV,0
KAEFGHQ,0
KAHS3IS,0
KAMV4G2,0
KAZ8V44,0
KBCVZG2,0
KBV06L3,0
KC1CTTM,0
KC3PRNT,0
KC5RZ7A,0
KC70Y1D,0
KC9ID02,0
KCFQEAE,0
KCLTEON,0
KCQWBJB,0
KCR5L65,0
KD3LZ7J,0
KDJ56NE,0
KDJE7J7,0
KDL448O,0
KDQ1J5A,0
KEEHIRB,0
KEPLQU6,0
KF4K5IH,0
KF60BJX,0
KFYCO2K,0
KHD2YHD,0
KHJILJA,0
KHM12GF,0
KHUMKDS,0
KI82OIU,0
KIDG2Y9,0
KIFUE2Q,0
KIGDKXR,0
KIKOYD2,0
KJ2U4DI,0
KJSLQJS,0
KJZTNO6,0
KK9TTUJ,0
KKK03JA,0
KKN3BPQ,0
KL5BUOV,0
KL99MWS,0
KLVMPZF,0
KMCT81G,0
KMENL09,0
KMHEI8G,0
KMWTTAQ,0
KO1QRXU,0
KP2HGNL,0
KPDUC1D,0
KQ0MFR5,0
KR9DWS0,0
KRQMOT3,0
KS6WMIT,0
KS74CFE,0
KS9PP0Q,0
KTDIQ1N,0
KTQNVXL,0
KUW5EHZ,0
KV3PQ8Q,0
KVHJ18L,0
KVTY8X2,0
KWBMTC8,0
KWBWK7J,0
KX8O6X4,0
KY6H3B1,0
KYEJUI1,0
KYIUMAT,0
KYPBMI8,0
KYSF155,0
KZFPROV,0
KZQC1GM,0
L00B21Y,0
L0ON1BL,0
L0WUOK3,0
L11G8BB,0
L1F5D2N,0
L1G9WIR,0
L1HYJ2T,0
L1SOQML,0
L1YXCEX,0
L2G2D85,0
L2LJGNW,0
L374EX2,0
L3FZHHU,0
L3R24WV,0
L3RSRMV,0
L3WXVZO,0
L3X2MJN,0
L3Z0AN3,0
L46U5UZ,0
L4PW5FL,0
L4Y9CU9,0
L54XMPP,0
L5MBMZP,0
L6EEDWQ,0
L6G3B1H,0
L6GF48F,0
L6UVI2O,0
L71R13V,0
L71WHKS,0
L7H0V8E,0
L7OJF3N,0
L7YGWB6,0
L8JTBZ4,0
L8NUJAV,0
L8TIRMD,0
L901N1Q,0
L999U6R,0
L9W5RPX,0
LAQ4END,0
LAZD0RP,0
LBQXTX4,0
LC1H4VZ,0
LCY617U,0
LD6FWYO,0
LDC5PGY,0
LDE2CBU,0
LE0AJ6J,0
LE33SU6,0
LEMLSAQ,0
LG5UH7B,0
LGW07S3,0
LH35ON4,0
LH3Q946,0
LHJU3IU,0
LHWMMIM,0
LI050KT,0
LINPP01,0
LIPAO5D,0
LJVH51X,0
LJWDAQZ,0
LKCR6LG,0
LL0O9EC,0
LLYEPNB,0
LMLT0YR,0
LN2S2EK,0
LNJMVOK,0
LNKFI2T,0
LNLFMSI,0
LNO8MV4,0
LNT34HL,0
LNYEDHA,0
LOI9WYO,0
LPARLBY,0
LQ9L728,0
LQDNF1O,0
LQEVAKO,0
LQG6C1O,0
LQHBY2L,0
LQZWY8X,0
LR1TJAZ,0
LR31J03,0
LR4V0YY,0
LRBMNS1,0
LRFEM2J,0
LROVQ2U,0
LRRX5OD,0
LRXUDFM,0
LS3FTNE,0
LS57AAO,0
LSA8GUW,0
LSKK385,0
LSLIL8F,0
LSR7MC8,0
LT5EPJR,0
LT9E926,0
LTA7RRC,0
LTU0DO8,0
LUBTOBU,0
LUGRN11,0
LVF77OG,0
LVLVPHC,0
LX8RJPC,0
LXABFUS,0
LXE7I77,0
LXEHBIW,0
LXJ0MLJ,0
LXR0F4O,0
LXWA68Z,0
LXZ2SGY,0
LY6NR2H,0
LY9KO40,0
LYNQL57,0
LYXT597,0
LYYUKK0,0
LZ05J9T,0
LZ2IHUN,0
LZ2Q6DV,0
LZ76FAF,0
LZZBBAJ,0
M04WBV5,0
M0NINZ7,0
M0O17MN,0
M139010,0
M17XRAL,0
M19JCLS,0
M19P3Q4,0
M1DSIEP,0
M1KLWZS,0
M1YO7SM,0
M28UZ4B,0
M2ATB4R,0
M2QEMZC,0
M39CF1D,0
M3JFB2H,0
M4NW9F1,0
M4ZQKE1,0
M52AMTP,0
M56A5LR,0
M5C1ZPW,0
M5PFMR4,0
M5U8NZT,0
M5WSHFK,0
M60WE4P,0
M692AY0,0
M6P0CHR,0
M6PDVBA,0
M7SO3F3,0
M7V93GU,0
M9MWERC,0
M9PRQ13,0
MA11WP2,0
MA5F3FL,0
MAI0648,0
MAI7355,0
MAQXMGC,0
MATRQBW,0
MAXJNGY,0
MBGEJ0W,0
MBO9WSO,0
MC23QUQ,0
MC4G2IP,0
MC8AS4Y,0
MCHESNQ,0
MCLZ3BX,0
MDIYWHN,0
MDU9YSK,0
ME8N87J,0
ME9VZKD,0
ME9W2AL,0
MEG3BLU,0
MESKD1M,0
MEWN8WT,0
MFMG6SC,0
MFR6RRC,0
MGIH1XX,0
MGM2VEZ,0
MH701AB,0
MH72GVC,0
MH964EI,0
MH9OFQO,0
MHNNOLI,0
MI2755X,0
MI9GRC3,0
MIQN8E0,0
MIWWAH7,0
MJRMQIR,0
MJZEB6O,0
MK7MFJ0,0
MK91XN3,0
MKOOL0B,0
MKWB92S,0
MLWTP3F,0
MMV9SH9,0
MNCA60N,0
MNDZKU1,0
MNK4CAS,0
MNLMYFN,0
MNNKAW0,0
MNOOI17,0
MO2DT71,0
MO6GUSA,0
MO939GX,0
MPD6S1E,0
MPGTSJW,0
MPNCCWY,0
MQ0P2U6,0
MQDZBT9,0
MQEO3AI,0
MQJBQ7C,0
MQJMM41,0
MQMCPOE,0
MRTFIXV,0
MS1F0YY,0
MSDRKH3,0
MSN0R2W,0
MSO6HO2,0
MSRIRJY,0
MSXUJ63,0
MTCQVGT,0
MTDJO53,0
MTKRX7L,0
MTPI45E,0
MU2A3QM,0
MU90MAK,0
MUBKE6M,0
MUXMDGV,0
MVCXK88,0
MVV0LIX,0
MWLILVP,0
MXAZMW1,0
MXI6MS7,0
MXLOIMT,0
MXS3AKB,0
MY1NDJS,0
MYE6L1X,0
MYFAZKE,0
MYL82WP,0
MYP1EH3,0
MYQ1AAE,0
MZCXU7Z,0
N0XJXIR,0
N17L1XS,0
N1A4358,0
N1CIQHZ,0
N1MFFMG,0
N1PM49F,0
N1S40S0,0
N1VIBPE,0
N1Z2TN0,0
N1ZOM2Z,0
N38TH89,0
N3GPKYZ,0
N3IZ96C,0
N46RIFE,0
N4OCV1X,0
N4SG1R0,0
N5OW5GK,0
N5T8UMZ,0
N6MMMS4,0
N70GT3A,0
N76L8VF,0
N7CKTQ2,0
N7O7RF2,0
N8CWSWQ,0
N8OT53W,0
N8Z6LNG,0
N9B9Z6L,0
N9V33VN,0
NAN53F1,0
NANCA38,0
NAWDCD7,0
NBMRYTY,0
NBTS882,0
NC9X9FG,0
NCJ9UF3,0
ND7WQD0,0
NDEAQ1P,0
NDKGKKT,0
NE3GBFY,0
NE3S0G1,0
NE8MYLE,0
NEER74I,0
NFTLN38,0
NGNGVF5,0
NI5B5R8,0
NI6L439,0
NIAFZNV,0
NIEFAMM,0
NIGBY8V,0
NIHTDNB,0
NJHPIMV,0
NKGE9DC,0
NL29PFK,0
NL4LA0G,0
NLCBMVD,0
NLDYV3V,0
NLRYHF2,0
NM6FGHF,0
NN3IQZS,0
NN4ZTBB,0
NNBUJQJ,0
NNC10OT,0
NO0BFNF,0
NOGUFDF,0
NOS4S65,0
NPBSR7C,0
NPWKUN0,0
NQADTKP,0
NQB7UBL,0
NQPAHEH,0
NQQN1VV,0
NSGPT8G,0
NTHMGRB,0
NTMMTVA,0
NTQOQKV,0
NU2Q12V,0
NUNTPPQ,0
NV7YVVP,0
NW4G7VU,0
NW8RAN0,0
NWQP0OQ,0
NWW792C,0
NXAT5QU,0
NY5UUN2,0
NYB472U,0
NZ54WE9,0
NZCU580,0
NZLQ02A,0
O09REDD,0
O1QL3G2,0
O1SGMV5,0
O248C8X,0
O2FDLOI,0
O2MASY9,0
O3PFZ16,0
O4F4B95,0
O56T2NT,0
O5T0A82,0
O68UPPB,0
O6HD5WS,0
O6M14DA,0
O6MOD6X,0
O6P6YW6,0
O6R0UTP,0
O6TQ182,0
O6W134F,0
O765H35,0
O785GML,0
O7D163M,0
O7KZU1G,0
O8UR8X3,0
O8VQQTN,0
O92ST89,0
O954LFX,0
OBS0K9G,0
OCI7SQL,0
OD51CQQ,0
ODPELTX,0
ODS25A4,0
OE0H9RX,0
OEW0RYE,0
OEWMXDE,0
OEX6A5J,0
OFCUV3E,0
OFSKYC1,0
OG4C2CO,0
OG5XJ8G,0
OG6MLZR,0
OGBCB17,0
OH6LFHT,0
OH8VWY0,0
OHEYAOP,0
OHO0AAK,0
OHOQM42,0
OHQ1NQC,0
OHTFAJI,0
OHV4XQZ,0
OI2Z3LA,0
OIIOXLH,0
OIL6MNY,0
OIVLIUX,0
OJ1HKSG,0
OJ4I9C2,0
OJL9P6E,0
OK7PXP0,0
OKALS28,0
OKCF9AS,0
OKIJ203,0
OL1UWS2,0
OLQAN0G,0
OLU0J9B,0
OLVZAUB,0
OLWN59K,0
OLXGT5Q,0
OMH0S8D,0
OMITO5T,0
ON0S96A,0
ON2PRV7,0
ON62WTF,0
ON73KOZ,0
ON77EXV,0
ONI8N44,0
ONVIIXE,0
OO3A79C,0
OOAJOC1,0
OOFD48Y,0
OOVR19S,0
OOX2Y1J,0
OPPAPFQ,0
OQ15QYK,0
OQXYAHQ,0
OR63FLJ,0
ORGODLD,0
OS4TCC2,0
OS5USLV,0
OS6S67A,0
OS7OY9D,0
OSTU069,0
OSXQ9QC,0
OT20N0H,0
OTYSWQ8,0
OU1ZH6G,0
OUC9BUB,0
OUSWHZ4,0
OUTLQFN,0
OVALPUN,0
OVHIS90,0
OVS1FBU,0
OVV3WTE,0
OW00077,0
OW6BMK4,0
OW79C31,0
OX4XRKV,0
OXJ9Z4W,0
OXOXYZP,0
OYIGC62,0
OYOB84Q,0
OZFO27M,0
OZNKBHA,0
P01AM8M,0
P0FT1WJ,0
P0FVWMI,0
P0MQWA0,0
P0QWBDR,0
P1EWPFF,0
P1PQJ0T,0
P36UATS,0
P3J4PDM,0
P3R48L5,0
P3SJ7X6,0
P3W7JO1,0
P4QEZG4,0
P4ZRHU1,0
P5789PU,0
P595ZQH,0
P5ASYZS,0
P65S3US,0
P69D24C,0
P6OLRPG,0
P7QQIWE,0
P88ZAQL,0
P8K3Q92,0
P8VG1F0,0
P8Z33SQ,0
P905NVP,0
P908KXR,0
P9EX9UL,0
P9H1FSZ,0
P9KNNFW,0
P9KZ8HP,0
P9QNIYN,0
PA5XVYH,0
PAAHNTM,0
PB01J3S,0
PB1BKSP,0
PB6VDZB,0
PB8KEQE,0
PBH0UJP,0
PCXOQDU,0
PDIQO6F,0
PDSFAKZ,0
PDTMY55,0
PE1L8B6,0
PE47FG5,0
PE6Z2E9,0
PF2HFOG,0
PF6748G,0
PFUQPKX,0
PGDPKKL,0
PGS1VUM,0
PHA19WP,0
PHCIY3C,0
PHEZZ8A,0
PHJJBLM,0
PHJYQLI,0
PI27V4H,0
PI8S5UF,0
PIDMH8Y,0
PIJ2MQF,0
PIO8M58,0
PIVQ33N,0
PIVZQRR,0
PJ6TJEP,0
PJCLS2A,0
PJO3JT8,0
PJYB7EI,0
PKI4I9P,0
PKQKIPD,0
PKT15NP,0
PKWNAF0,0
PL5YTNG,0
PLAHS77,0
PLHBP91,0
PLMBTKP,0
PLOMM8Q,0
PLQY9DQ,0
PLU9HAI,0
PM1J0RM,0
PMQYPZW,0
PN2M8AU,0
PNCIGHU,0
PNGH8T2,0
PNODV7U,0
PNUAA1F,0
PO0QD9B,0
PO6VYLX,0
POEYDNR,0
POSKH8F,0
POYOYFD,0
PP3RC3O,0
PP4RSLR,0
PQ22KWJ,0
PQ4BDI2,0
PQJQ721,0
PQNS9KF,0
PQSLFQY,0
PR507N2,0
PRYJ6AN,0
PS2Y0AT,0
PSEPQ66,0
PSMNVP0,0
PSS7Y86,0
PSZK0SN,0
PTAT1QO,0
PTOVZPH,0
PTQQJGG,0
PTUODSJ,0
PU0ITWH,0
PU57FA2,0
PUCWR39,0
PUEOK7B,0
PUGAFWW,0
PVQFQWD,0
PVYJEUH,0
PW4B31P,0
PW57FMG,0
PWMT0JJ,0
PWUHJ9E,0
PXLMRVG,0
PXRP8NZ,0
PXRV861,0
PY1UODS,0
PY2TIH9,0
PY5LS1Z,0
PZ56JA2,0
PZEZ7UO,0
PZOOZSM,0
PZTXGMM,0
PZZ172Z,0
Q0X2QJJ,0
Q0XS8XW,0
Q0YSVUA,0
Q0ZVWMI,0
Q1ES5AB,0
Q261GK2,0
Q2ODNNZ,0
Q2YCC36,0
Q3JGEDF,0
Q3LLY55,0
Q3OMOE6,0
Q3W4X4A,0
Q4828T6,0
Q4EZ3K0,0
Q4OU3S8,0
Q5CDTWH,0
Q5J76WC,0
Q6203GJ,0
Q6IJIAA,0
Q6OGR5A,0
Q6SS1CC,0
Q6TF8I7,0
Q6UJXZP,0
Q7E73V3,0
Q7N2NW6,0
Q7PXQWP,0
Q8D30KH,0
Q8N7P0O,0
Q8PIS0E,0
Q9UC64B,0
QA2IAT2,0
QAI1BGN,0
QAXYE1E,0
QB4IVWQ,0
QB5W3RW,0
QB9ZIJK,0
QBLIHEM,0
QCXIPFI,0
QD4JL1Q,0
QD7853S,0
QE9MNOX,0
QER8RYD,0
QF8Q31N,0
QFNEDEC,0
QFOXIPV,0
QG2E0XD,0
QGAH4QD,0
QGBU51L,0
QGMSW1K,0
QGPQEVC,0
QGSI5ZW,0
QHGR0BA,0
QHP7BQD,0
QHPH0OF,0
QIP58T3,0
QJ6X0LK,0
QJCIAY9,0
QJGEJCE,0
QJWATQJ,0
QJZRXXJ,0
QK2CLOV,0
QKDLVQ8,0
QKOGOKB,0
QKR041A,0
QKV31IY,0
QL7ZJ2Z,0
QLHYLBZ,0
QMHR7Q5,0
QMKKAV3,0
QNUOTK1,0
QO87I32,0
QOY4L55,0
QP3QDDR,0
QPP0SR7,0
QPZBYXE,0
QPZY7MO,0
QR3M6EI,0
QR5SS2M,0
QRPI866,0
QS7OG2T,0
QSG4J4N,0
QSKL82J,0
QT8IT4B,0
QTGB6UJ,0
QTT20YY,0
QTXKMBM,0
QU74HBJ,0
QUCZYFU,0
QUMXXTR,0
QUORNQC,0
QUUA7AK,0
QUXRKFX,0
QVP4Z7L,0
QVYMQF2,0
QVZY2ES,0
QW2YCL2,0
QW86R3F,0
QWT2VBF,0
QXGMB9A,0
QXRR16G,0
QY5NH8T,0
QYDR7YO,0
QYGRT2U,0
QYKP4MH,0
QYLM865,0
QYX8CLB,0
QZ8T87V,0
QZACHY4,0
QZDKX8V,0
QZXBCC8,0
R00YOAR,0
R0A6YTS,0
R0RP7QI,0
R0X4QY4,0
R0YI5BM,0
R1KK3ZD,0
R1UOOQL,0
R1ZBLXC,0
R2F9KZY,0
R2QEG0Y,0
R343TYB,0
R3VDUV8,0
R4EDY07,0
R4HCBZZ,0
R4VPV5O,0
R53ZY5V,0
R5NGIF0,0
R65Y3DQ,0
R6ET8BV,0
R6S77WK,0
R72TV2E,0
R79B2AO,0
R7J5IDP,0
R8IJQRG,0
R8JIQDZ,0
R8LR5RF,0
R9FACNN,0
RAIIGYM,0
RBAYLKF,0
RBCG9LX,0
RBDAL62,0
RBQE3YZ,0
RBU3LES,0
RCB0XSI,0
RDPSGEU,0
RF72RRL,0
RFIFGAO,0
RGW5AH5,0
RH919OV,0
RHSNBR6,0
RHVVOL3,0
RI2Q9RZ,0
RIKDV52,0
RIKRWU6,0
RILZ8K1,0
RIN5UPB,0
RIXBNQO,0
RJ63JN9,0
RJTLVXS,0
RJXP7WI,0
RK5TFKH,0
RKQUNAX,0
RL1RP5R,0
RL68Y0C,0
RLH3CE7,0
RLNMIHM,0
RLV5PJW,0
RLVVFDP,0
RLY3919,0
RM33494,0
RM5UHP5,0
RMGY2FX,0
RMMB02Z,0
RNC08D8,0
RNJ968A,0
RNVM8Z4,0
RO703EO,0
ROC5NT5,0
ROEQ6KG,0
ROG1C2V,0
RON81AM,0
ROWJFP9,0
RP6MC88,0
RP7MDMJ,0
RPW7OYV,0
RQ75P7K,0
RQECC5G,0
RQGJVIS,0
RQZGXOU,0
RR1H5MS,0
RR635MF,0
RRJ9ZUD,0
RS395M4,0
RS8HDHC,0
RS8USVZ,0
RSL2OAD,0
RTFX0GQ,0
RTN277V,0
RU9E3CI,0
RUIH1HX,0
RUNWR3Q,0
RUYLUC0,0
RV7TSFK,0
RVG0RAW,0
RVG8QUY,0
RWII9T5,0
RWOITTO,0
RWXYG2H,0
RX3MHF2,0
RXHR0NU,0
RXQUYYR,0
RYOMW81,0
RZ7UFL7,0
RZMMJSR,0
RZN2CTB,0
RZOPZVU,0
RZSILRZ,0
S05XCO1,0
S0G09A0,0
S0TN34A,0
S1B2N87,0
S1K7RKK,0
S2HXI3B,0
S2JOOJO,0
S3AF2EG,0
S3TPZ6X,0
S428VJJ,0
S43FSDE,0
S5Q45FJ,0
S693ED8,0
S6NT6O1,0
S6W80Q9,0
S7JI782,0
S7LK0V8,0
S7O322E,0
S7PQYB5,0
S7WMHVN,0
S8RJBW9,0
S8YKVPK,0
S96FTQN,0
S99GSWO,0
S9BK9YY,0
S9CXD32,0
S9URGRT,0
S9XRCPL,0
SACWCCV,0
SAECO60,0
SBEJ3JL,0
SBFAXLG,0
SBFYBYV,0
SBZ14XT,0
SC7SGWV,0
SCAHMLI,0
SCE7FA8,0
SCFD8NK,0
SDCMIM7,0
SDIO9R2,0
SDUV2VR,0
SELJ0RG,0
SELK6LM,0
SERRMB7,0
SES9LCG,0
SF1CL1U,0
SFKAOS8,0
SG1EXI2,0
SGA1PM1,0
SGGUIFT,0
SGWFWZR,0
SHEC8NP,0
SHJAHU8,0
SHXO5GC,0
SHYS4AR,0
SI47WVR,0
SID15VC,0
SISDLKE,0
SJ1TT6J,0
SJGBBBB,0
SJV0AOS,0
SKDJ46Z,0
SL22HZJ,0
SLAVL0J,0
SLZM4DS,0
SM7EKT6,0
SM8MZNC,0
SMH1KHW,0
SMIJ3EV,0
SNSVQQY,0
SO8SUO8,0
SP13ACU,0
SQEFIPO,0
SQYHM28,0
SR0E696,0
SRUXV8T,0
SS1XFN0,0
SS23RW2,0
SS4GACN,0
SS51K4J,0
SSLJJIU,0
ST7PDIU,0
STJCM1I,0
STNN3EK,0
STU24TH,0
STUJF2E,0
SV3A1SR,0
SVB5KRO,0
SVWKNHH,0
SVZZPTE,0
SW8N5RJ,0
SWGDBRJ,0
SWL8WP3,0
SX8XCGH,0
SXB9U05,0
SXMV44J,0
SXXRX76,0
SYHYPI9,0
SYP380E,0
SYPNAB2,0
SYQLIF6,0
SYVN7T6,0
SYXYB6A,0
SZ454AR,0
SZI4NAV,0
T0843CH,0
T0K2RLC,0
T0KLISD,0
T0YGFIZ,0
T1A6WJI,0
T1OTC11,0
T20589I,0
T2H5QLJ,0
T2QL4KG,0
T2U6LN9,0
T2YZYLS,0
T3ETKGM,0
T3LAJCN,0
T41UHKF,0
T49GIE0,0
T4LFYO4,0
T4UJ5G4,0
T5146PF,0
T5BUJM8,0
T5NQ9UQ,0
T5QLOQ6,0
T66L1VU,0
T6CGYBH,0
T6D3DJ7,0
T6NBYGK,0
T6YSWBB,0
T6ZEIDB,0
T797GTB,0
T7DGFYI,0
T7IL1P5,0
T7IOG5C,0
T7KGX1Y,0
T7TNGID,0
T8FZNA7,0
T8ZJKA5,0
T90YW3N,0
T923MF0,0
T953S67,0
T985MCK,0
TAB6BKW,0
TAPGXZ4,0
TB1HVQA,0
TB48F60,0
TB881ZW,0
TBAZKC1,0
TBCR677,0
TBJ99TM,0
TBLUWGI,0
TBMY4UT,0
TC3ECNP,0
TCFG1UZ,0
TD4W9YT,0
TD8KTIN,0
TDAANTR,0
TDBZ1IH,0
TDDE8DG,0
TDGW7UM,0
TDIHLPT,0
TDW4MUB,0
TE27TAG,0
TEPA7Y6,0
TF1APHT,0
TFA1GQ9,0
TFQULLW,0
TFSK8LP,0
TG1FW7I,0
TGKOQ96,0
TH4E0XT,0
THMDCVH,0
THMLIJT,0
THU4A3K,0
THYH0VG,0
TI9OKS5,0
TIQBB6W,0
TJM011R,0
TJWF44W,0
TKJP7RV,0
TL0WORI,0
TLS8UF8,0
TLVZE2E,0
TMB9VOD,0
TMMHGHH,0
TMZTHBP,0
TNDUNH0,0
TNY779Q,0
TO5MR4C,0
TOQZ8MK,0
TOWD1JZ,0
TPOLCAP,0
TPR617X,0
TQ25CIT,0
TQMJUH1,0
TRRHIH9,0
TSLYQTC,0
TSO111X,0
TSPDNBA,0
TSPK9KE,0
TT038FS,0
TT25PM2,0
TT71S23,0
TTLHYE0,0
TU8OGZ4,0
TU9QA7U,0
TVPDY99,0
TVUSETC,0
TVXQ419,0
TWDWD8X,0
TWN6G1I,0
TWR8CQ5,0
TX3QUNW,0
TX8DEST,0
TXPIGM2,0
TXQUDDB,0
TXRVX3T,0
TYL88CT,0
TYRNRX6,0
TZHDROW,0
TZJ9Y10,0
TZXBIPV,0
U0KNR7L,0
U0N2FY3,0
U14BWCE,0
U1MAH5F,0
U1RHJNW,0
U1S3178,0
U21E1XB,0
U21LKYA,0
U2MYO77,0
U2PWQWG,0
U3GKB4G,0
U3IAY4C,0
U3V7F1W,0
U4EYG67,0
U59QRQO,0
U5SASSE,0
U5SPE6I,0
U5TMAEZ,0
U5UUJ2I,0
U5V9N9G,0
U61PB00,0
U6FQQPC,0
U6RQNWP,0
U7LHW2I,0
U7MYX0G,0
U83YBHP,0
U8UCZNV,0
U8ZP599,0
U92M9A7,0
U9F60T0,0
U9XFVGW,0
U9YDOQ5,0
UADVZXF,0
UASQ7PA,0
UAXLK2E,0
UB67FWC,0
UBOD3YE,0
UBP7SJ7,0
UCA3I7M,0
UCGLWLN,0
UCVX23K,0
UDTH7RV,0
UDYBV3C,0
UE049L1,0
UE2QMB2,0
UEBYDZR,0
UFKCUFQ,0
UFU4GV2,0
UGFYNM1,0
UGHHT8K,0
UGM7R82,0
UGXUIPC,0
UHK6MPH,0
UI5ZT0B,0
UI6NSE2,0
UIJ1FHB,0
UJAJY4C,0
UJLYA4A,0
UKRGA3Z,0
UL6OKDR,0
UL82FK2,0
ULB2Y6P,0
ULEPR9R,0
ULGBOYV,0
ULN0JCH,0
ULQQUM4,0
ULQW3T1,0
UM0XK4E,0
UMBW2WY,0
UMDDSXH,0
UMHOZUL,0
UMPKE5K,0
UN1X84J,0
UNAN91A,0
UNAZEIG,0
UNBM612,0
UNEL58L,0
UNIU5PJ,0
UNMUP8N,0
UNR6M91,0
UO05BVJ,0
UP9ADQO,0
UPFFW98,0
UPSMCN6,0
UPWQFPU,0
UQEHZYK,0
UR3IKDL,0
URAL6Q4,0
URU0EMY,0
URUS9I1,0
URVSB3V,0
USEXQ3C,0
USQSATG,0
USTASR0,0
UT8XIJL,0
UTKPMKE,0
UTXRXYC,0
UTY0AGX,0
UU5J1Q5,0
UULICY7,0
UUQQI74,0
UUX2WFP,0
UW6W3L7,0
UWAESO8,0
UWEMJ8N,0
UWGXKTK,0
UWQ49X2,0
UWUZBKM,0
UWWON5X,0
UXCPP2E,0
UXFSZ9V,0
UY63EGS,0
UYHKTQN,0
UZ3VVK6,0
UZ60W17,0
UZR1ITF,0
UZZVOWX,0
V01O5OD,0
V04Q90O,0
V0ZNX0I,0
V14ZXSK,0
V1Q527W,0
V1ZUTEF,0
V22IW74,0
V2GRMUF,0
V2HSJ98,0
V2KJE30,0
V2LWHDS,0
V30NDXG,0
V356T1O,0
V35KYX8,0
V3BJNC6,0
V3IDA8I,0
V3ZWWTH,0
V4U6J54,0
V4V44VG,0
V56C2FP,0
V56HSRT,0
V56ICOJ,0
V5IRHTN,0
V5UZLGS,0
V5Y7O7N,0
V6IZATL,0
V6Y6ZJ5,0
V6Z856S,0
V73YHF4,0
V76NESL,0
V7Y88QW,0
V832WT8,0
V8RA5VZ,0
V8VX2KE,0
V8XABF7,0
V9PJEYH,0
V9RR01R,0
VA9FP4H,0
VAAOCYS,0
VANDFKU,0
VANNU5A,0
VB0A2NB,0
VB5OCHF,0
VBVWXFB,0
VBXWWAN,0
VCEP7WB,0
VCI2HQR,0
VCKB34A,0
VCRY1XR,0
VD5LEVD,0
VDH8QER,0
VEXIDP1,0
VG2BWKT,0
VH1O0TM,0
VHBCAMO,0
VHFIPBQ,0
VHN1ZNE,0
VHPPQGO,0
VHRBEW2,0
VI9CORG,0
VIL6GUT,0
VIYMBBA,0
VJFN77P,0
VKA6LRO,0
VKX05SH,0
VL3Z11E,0
VL8N2KT,0
VLIIM7I,0
VLKEANG,0
VLOQH4A,0
VLPE2YD,0
VLRHVYC,0
VM332QO,0
VM58DXM,0
VM5KEM2,0
VM76N8C,0
VMKBW7M,0
VMZYI48,0
VN0QGJV,0
VN1ONZA,0
VNI6DY4,0
VNIKCMC,0
VNLTC74,0
VNPO4FN,0
VOF4D9Q,0
VOR02OL,0
VOT9YJ5,0
VP7LQ4D,0
VP84BTF,0
VPE6U5S,0
VQH2IIO,0
VQXQ2LJ,0
VR0J4Y8,0
VR0Q9NF,0
VR1UIHG,0
VR5MSSW,0
VRKU7OB,0
VRS7OT3,0
VS2UUF1,0
VSH0URF,0
VT4CMGV,0
VT8JEHB,0
VTE0G4A,0
VTNXO2D,0
VTZ48VU,0
VTZ4G8E,0
VU8YQ6L,0
VUBXN9A,0
VUCDGDA,0
VV0TCI5,0
VV3EK5B,0
VW2QYE1,0
VWAKZA7,0
VWFL2E6,0
VWL7K35,0
VXMVUMB,0
VXS14UC,0
VY2FDJI,0
VYHP3LB,0
VYL7BR2,0
VYZOQCW,0
VZ59ESN,0
VZB9UNK,0
W03TCDS,0
W0FKZWO,0
W0JM8OJ,0
W1A2SPZ,0
W1MYFM1,0
W1OIZVQ,0
W3PT8GR,0
W3S23E4,0
W3WQQ1C,0
W3Z6VHL,0
W40L8FH,0
W47NGJT,0
W4M80WK,0
W4MMLG5,0
W4N215U,0
W4NVZEI,0
W4S5CTF,0
W4SFBD0,0
W4U3WGB,0
W5DLS0X,0
W5H01IH,0
W5NWVI1,0
W5PBFSX,0
W65H681,0
W6IT2ET,0
W6PFSPX,0
W6VS5LX,0
W78YE5C,0
W8CPYIB,0
W8J6N18,0
W90HM2G,0
W98XM2I,0
W9K7UDH,0
W9P2BJJ,0
W9UTJA5,0
W9YETOW,0
WA5WMU9,0
WA92DAP,0
WABUSMD,0
WAHJA0H,0
WAUAHIK,0
WAY2KGQ,0
WB3ZQVC,0
WB8O4P0,0
WBIFU3Q,0
WBW23R1,0
WC3TG49,0
WC59OEX,0
WD1VKLS,0
WD9185H,0
WDT0C89,0
WDT293S,0
WE3S1XR,0
WE4G3OT,0
WF8KQSR,0
WFZT6ZA,0
WG9ERCD,0
WGH1IQT,0
WGJQHX8,0
WGMCPUW,0
WGTR6R3,0
WH5BU3V,0
WH9FAHG,0
WHGROBK,0
WHGZJU2,0
WHPZD6H,0
WI8BG43,0
WIHFMKH,0
WIJWQH1,0
WIKXDP9,0
WJ1NZZV,0
WJ5YLDG,0
WJ8DHGL,0
WJE0Z9H,0
WJGIPTN,0
WJJ1SHT,0
WKIPZ6J,0
WKO8Z8G,0
WL3Z9YG,0
WL8B9N1,0
WLH44I7,0
WM72GX9,0
WMGOCHG,0
WMOXL1E,0
WMXANRT,0
WMZ8E87,0
WN96UZX,0
WNOOEZ1,0
WNXIA7Q,0
WNZLT1N,0
WOPANY6,0
WOQ5CVU,0
WORRG5O,0
WOT1GS7,0
WP197AI,0
WPBU3EW,0
WPPXZA9,0
WQ7091S,0
WQSXIEC,0
WSPD7WP,0
WSRJ9CV,0
WSUYFOY,0
WTG26I1,0
WTORSHH,0
WU30MM5,0
WUGMPN2,0
WUICPGJ,0
WV9FE75,0
WVMMI7U,0
WVWI2H2,0
WW01QKF,0
WW6DR4E,0
WW8BDY2,0
WWBUF86,0
WWH61H2,0
WWVUCKG,0
WXF24QX,0
WXKTBSW,0
WXNFOO6,0
WYEPMID,0
WYJJCKM,0
WYV6FFN,0
WYXW7YD,0
WZ0E8ZJ,0
WZ1A8N3,0
WZV4X9I,0
WZXDQQW,0
WZYM5QM,0
X13GHM7,0
X13S665,0
X1GD5G8,0
X1L2NHG,0
X23H5XW,0
X2G8P5K,0
X2MATAE,0
X2R1SZF,0
X2VJBSO,0
X2XHYKR,0
X2YKNYO,0
X3JKVN6,0
X3TQE6C,0
X3VPCTK,0
X42ACSW,0
X4GM4WC,0
X4HFVL3,0
X4WAI1Z,0
X50KOO8,0
X5517Z0,0
X5ENSTI,0
X5GUETY,0
X5HRNLU,0
X76WKWH,0
X7INLTB,0
X7WZ11R,0
X81BBI8,0
X83ZFMH,0
X8IZZIL,0
X8MHE5X,0
X8W7R88,0
X8XK69B,0
X8XZU68,0
X918CDE,0
X9AHKMQ,0
X9CBZB0,0
X9VEYQA,0
XA3FGJN,0
XA4MDAR,0
XA7QGDK,0
XAMV4C6,0
XAN2SM5,0
XAVE2PM,0
XAXSAWY,0
XB2IAI7,0
XBL8VGB,0
XC7SYPF,0
XCD3KRZ,0
XCQ3WF1,0
XCS7Z6O,0
XD9HIQG,0
XDAWNQD,0
XE5WISN,0
XEIMX0J,0
XEKK3HC,0
XEL91MQ,0
XEM5VVW,0
XFEBVBU,0
XFXSDY1,0
XGFZ64P,0
XGGHLMX,0
XGIBXII,0
XGS3BSO,0
XGT8HJS,0
XGY2FSW,0
XH4CZLR,0
XH7HEQZ,0
XHEOXHT,0
XHJGYVF,0
XHNUF93,0
XHSCGNE,0
XI0HH3E,0
XI8SVWE,0
XI96GZ0,0
XIADT9V,0
XIS7PYE,0
XITRDZO,0
XJ27L1P,0
XJ6I4X0,0
XK26F3R,0
XK2RA1I,0
XKC81S2,0
XKSA8O1,0
XLDPCBN,0
XLDYZ9B,0
XLJMLLW,0
XLOB61Z,0
XLS1LSI,0
XM29323,0
XN8SZC0,0
XNIQ56H,0
XNLJU8U,0
XNOGS5L,0
XNP8BBQ,0
XNQIAQ7,0
XO6BKP2,0
XO9EX1V,0
XOC0AOW,0
XOMJDDI,0
XOSDYY2,0
XOVL675,0
XOWXF4Z,0
XPCRY62,0
XPGTSOZ,0
XPPW4OE,0
XPYL5D8,0
XQA9FV3,0
XQD4PVE,0
XQJ9GA4,0
XQNZ6GA,0
XQO5NYJ,0
XQRIOU3,0
XQV8CZ8,0
XREA2WR,0
XRRJY06,0
XRT9K7T,0
XRVDMEO,0
XS51FS0,0
XS7RK99,0
XSM457W,0
XSVDKCE,0
XUNBRD5,0
XVFWXQW,0
XVSJABC,0
XVT2D67,0
XVV7Q84,0
XWF8VQD,0
XWY9OKH,0
XX5LFYG,0
XXV4VLR,0
XYF1F1E,0
XYTMAQX,0
XZD51J5,0
XZEW41A,0
XZUYEUN,0
Y01F01P,0
Y0AR4IN,0
Y0HDH2R,0
Y1F56CX,0
Y1F5Y3J,0
Y2AX0EH,0
Y2DLZHJ,0
Y2H5ROA,0
Y2MJ52O,0
Y2O5YOX,0
Y2ORROB,0
Y411BI0,0
Y46IF3T,0
Y47M8M0,0
Y4GF0CM,0
Y4ZM5W3,0
Y50YBWE,0
Y5CB04A,0
Y5DLC4Z,0
Y5FC0AG,0
Y5JQO4G,0
Y5K5W1K,0
Y5RT32W,0
Y6CU40Z,0
Y6T57EB,0
Y7KY8HE,0
Y7LB32D,0
Y7WQ0P0,0
Y81ZPA8,0
Y85XRZ2,0
Y8FYW8D,0
Y8MMYF7,0
Y8TOM1I,0
Y8YICX4,0
Y96IRLM,0
Y9V550J,0
YADLK73,0
YAEVDN6,0
YAHC829,0
YAMWFLL,0
YAO4FMQ,0
YAP3A1P,0
YB6B079,0
YB81BYI,0
YBCGT16,0
YBE8LNZ,0
YBGJBYN,0
YBV3BIU,0
YC9V6FT,0
YCG1JQJ,0
YD2KOKY,0
YD3BGRL,0
YD5XEKU,0
YD9EP3C,0
YDCT507,0
YDJ6UHG,0
YDXKCJF,0
YERBG5A,0
YF5O9H7,0
YFHCSNK,0
YFHNT9R,0
YFKUTB5,0
YFQ04O1,0
YFUS577,0
YFWTAVT,0
YG25WSJ,0
YG99K24,0
YGEV5M7,0
YGP9JHB,0
YGQ0V3F,0
YGTD6ZL,0
YH2K9FU,0
YH8M1XA,0
YHSG42M,0
YI7XZQ1,0
YIJ6YYY,0
YIWDTZ7,0
YJ30S0E,0
YJCEGG4,0
YKJMUSO,0
YKYZHV2,0
YL5SW8D,0
YLD1S9Z,0
YLFHB16,0
YLKUBY4,0
YLU8SRH,0
YLUNN3O,0
YLVC2BT,0
YM11Z57,0
YM9P8HO,0
YN8X9JL,0
YNEHQMP,0
YO3EDHZ,0
YPJX0X3,0
YPR72RT,0
YQA6YWA,0
YQIE1J7,0
YQN3P0U,0
YQXJP3Z,0
YR0LLI9,0
YR1VO9L,0
YRCZDRB,0
YS6CXCG,0
YSBJNWG,0
YSJ8S6K,0
YSOUF1L,0
YT0KACO,0
YT5BH8G,0
YTA5L80,0
YTIWR43,0
YTU2OYA,0
YUUMOK4,0
YV6ONH8,0
YVLD7CD,0
YVPZ1M8,0
YWAII94,0
YWOJ3E8,0
YX0FIXS,0
YXF0379,0
YXT12S6,0
YY276CN,0
YYFSH4G,0
YYMTJGS,0
YYYIW51,0
YZ8O3CT,0
YZBA8SA,0
YZLRTJX,0
YZPX5H3,0
YZUTA2Y,0
YZVEI9W,0
Z07WE16,0
Z0H0784,0
Z1AH74C,0
Z25Z67I,0
Z2OE3RG,0
Z382LK1,0
Z3EUQIL,0
Z3F7GLR,0
Z3SGT4T,0
Z465QDD,0
Z4L3FEC,0
Z58TX9B,0
Z5AATLM,0
Z5HCB4Y,0
Z5V0489,0
Z67XEX9,0
Z6LNYYL,0
Z6M3M0W,0
Z6OR87A,0
Z6VEKJW,0
Z7LF13L,0
Z81GV56,0
Z88OUY5,0
Z8JD96B,0
Z8R1SJ6,0
Z8TJ98Q,0
Z939SXS,0
Z9DIYVH,0
Z9G1B31,0
Z9K08UX,0
Z9KWJJ2,0
Z9OO7XN,0
ZA6HEGR,0
ZAW3TSD,0
ZB58X0G,0
ZBDY7C1,0
ZBIZA8J,0
ZBJOGPK,0
ZBRG5DW,0
ZBU8XH8,0
ZC59X8Q,0
ZC6M1G1,0
ZCCNWAD,0
ZCF14QQ,0
ZCRCMAG,0
ZCZY6VZ,0
ZD2QF82,0
ZDMNWM9,0
ZDSHZZJ,0
ZEAG0RH,0
ZF12NVL,0
ZF81TNJ,0
ZFBMKB1,0
ZFVOPGA,0
ZG3SK02,0
ZG77JVH,0
ZG90MXB,0
ZGIM3GJ,0
ZGQ62OK,0
ZGSGR98,0
ZGY5YXI,0
ZH5F9HQ,0
ZH6LVNZ,0
ZH9621Y,0
ZHHJUFA,0
ZIHQO0D,0
ZIUVOQ6,0
ZIZKRMO,0
ZJ7YX42,0
ZJGTNYG,0
ZJHM56X,0
ZJW77R9,0
ZK2LS5X,0
ZK6Y3V0,0
ZK7R252,0
ZK7VEO0,0
ZK96ZLW,0
ZL15VTH,0
ZLFHSDH,0
ZLXXC3G,0
ZMUIXV0,0
ZMV4FDT,0
ZNVYM0A,0
ZNYJL38,0
ZO7B6QQ,0
ZO7HRN9,0
ZO9RXB2,0
ZOHSEBI,0
ZOIEJB3,0
ZPFINQ3,0
ZPFYE2J,0
ZPIKN5K,0
ZQ2OG4J,0
ZQLTFKT,0
ZQNPV0H,0
ZQTUXOK,0
ZROU3CY,0
ZRPGGR8,0
ZRQ0JEJ,0
ZSA9E32,0
ZSDYE5J,0
ZSLEDF9,0
ZT28EJJ,0
ZT4TT9S,0
ZT6A2GC,0
ZUR7YZA,0
ZV83GZZ,0
ZV8B3GN,0
ZVMOCG4,0
ZVMP7B7,0
ZW2U4SD,0
ZWHSH1A,0
ZWLA4FQ,0
ZWLMNY3,0
ZWPC5PE,0
ZX4TTVJ,0
ZXMZW92,0
ZXQOCX1,0
ZY83U3W,0
ZYG46B8,0
ZYGACGN,0
ZZ4L64J,0
ZZEURSC,0
ZZGUFP3,0
ZZI2WJO,0
